Customer Name,Review,Rating,Helpful Votes,Funny Votes
76561199628802008,"You play well = cheater
You play badly = noob
You get a headshot = cheater
You hear info and can more or less navigate the map = cheater
You kill someone = cheater
In general - the game is ♥♥♥♥",Recommended,623,271
76561198152982767,"this game will steal a part of your soul and make you a gambling addict, but you wont be able to stop...",Recommended,70,19
76561199884102578,"Counter-Strike 2 - this isn’t a shooter, it’s a mental stability test. You go in as a normal person and come out wanting to uninstall everything. Your teammates do everything except play the game, while enemies play like it’s a tournament. Gunplay is a joke: you stand still and miss, the enemy runs and lands a headshot. Balance? Probably exists. No one explained it to me. 10 missed shots out of 10.",Recommended,115,41
76561199850965103,"You play well = cheater
You play bad = noob
You do a headshot = cheater
You hear info and can navigate the map = cheater
You kill someone = cheater
In general this game is trash!",Not Recommended,78,9
76561198963608852,"Be respectful of others and avoid conflicts. Prioritize fun and camaraderie. When you lose or play poorly, analyze your mistakes and focus on improvement without blaming yourself. Communicating with your teammates and playing strategically are key to winning. Don't forget to use your microphone.",Recommended,572,8
76561199141679921,Very goood game if you are from Russia or you are just racist you will find lots of friends.,Recommended,28,18
76561198878876128,"Hackers hackers hackers everygame, valve doesnt care since they make ♥♥♥♥♥♥♥ of money from this game regardless",Not Recommended,77,11
76561199627965611,"Valve managed to make the best game - the worst.
Lots of cheaters, impossible to play and no interest.
Online is held only by cases and fools.",Not Recommended,69,5
76561199577366977,very interesting game I broke two mice and headphones and a phone and I don't have a phone right now so I'm playing CS,Recommended,26,37
76561199127701778,"After 580 hours, I can confidently say my mental health has taken a scenic route straight off a cliff 
NA Premier is a comedy show. I’d genuinely rather play on EU 150+ ping than queue up with teammates who treat comms like a myth, strategy like a rumor, and teamwork like a personal attack.",Not Recommended,15,3
76561198728124380,">get prime
>play cs2
>get matched against hackers
>trust factor goes down anyway
>few days later get put in a hvh match with nearly everyone hacking
>one of the guys is literally called ""Mr. VAC"" using rage cheats

you know, I got into this game after years of not being able to play it and I wasted money on prime just for this horrid ass experience, wow.

apparently to get a good trust factor all I have to do is get an expensive skin
... don't think I can do that while I have absolutely no money (and even if I had any, it wouldn't matter because I'm from a third world country where I can't afford SH*T)

I'm cooked
and I'm not touching this game till there's another way to get a better trust factor

because getting matched against bots in deathmatch, getting matched against cheaters and maybe getting cheaters on my team as well, I can't f**cking enjoy this sh*t like this, I'm done",Not Recommended,19,0
76561198141430579,"Get yourself a friend, play wingman, go do absolutely silly strats until the enemy team gets so pissed they get tilted and cant play properly, win. 

CS2 is a game of mental fortitude",Recommended,12,2
76561198715882977,"Absolutely unplayable. CS2 is a massive downgrade from CS:GO, but the worst part is the completely broken anti-cheat. The game is absolutely infested with cheaters right now. It feels like every single match has someone blatantly using wallhacks or an aimbot. VAC is a complete joke. Don't waste your time or sanity downloading this hacker playground.",Not Recommended,12,0
76561199813772035,"Counter-Strike 2 feels like Valve took a legendary game, put it through a washing machine, and forgot to check if anything still works afterward.

Sure, the smoke physics are fancy now—great, I can’t see anything in higher resolution. It’s like being blinded, but in 4K. Every match is a coin flip between a tactical masterpiece and five people running around like they just discovered the keyboard yesterday.

The servers? Amazing. I love getting shot after I’ve already taken cover. It really adds that “time travel” mechanic no one asked for.

And then there’s playing with my friend Toivo105. Watching him play is like observing a scientific study on how many wrong decisions a human can make in 30 seconds. He moves like he’s permanently surprised, buys weapons like he’s shopping blindfolded, and somehow turns every round into a mystery novel where the main question is: “How did it go this wrong?” You don’t get mad—you just sit there, impressed in a deeply concerned way.

The ranking system also deserves an award for confusion. I’ve seen better organization in a sock drawer during an earthquake.

Yet somehow, despite the chaos, the bugs, and the emotional damage, I keep coming back. At this point, I’m not playing to win—I’m playing to see what new and creative way the game will disappoint me next.

10/10 would uninstall and reinstall again at 3AM.",Not Recommended,4,3
76561199786360330,bullllllllllshet game............... the bullshet company not ban the mf cheaters!!!! but u will get cooldwon because insult to piece of shet cheaters + their party friends who get boosted.............. what a game,Not Recommended,5,0
76561198979046439,"If you hate yourself and having any sort of fun playing games, this is the game for you.",Not Recommended,10,0
76561199561600477,"One of the best game before now its just piece of ♥♥♥♥ , you go premier all game ( low/end elo ) player with cheat , 0 ban you play legit cant push ladder because full cheat . People aimbot , wallhack 0 ban the game is dead dont play cs .

Buy prime for play vs cheater good moov",Not Recommended,4,0
76561198790397030,"Bom jogo, o problema são os xitters.Bom jogo, o problema são os xitters.",Recommended,2,0
76561198714744212,"2 games 
red trust factor

smurfing is not the same as cheating
nor is toxicity

fix the requirements for green trust

pooop aass",Recommended,2,0
76561198815564182,"the inability to tab out of this game without it breaking the entire ♥♥♥♥♥♥♥ pc, is truly phenomenal. the optimisation of this game is about as poor as the bloke who lives outside of greggs. i can simply not put into words the state of this absolute ♥♥♥♥♥♥♥♥ game, they have nuked the market, destroyed the playerbase and showed absolutely no appreciation for maintaining any sort of interest in the development of the franchise, if you value your mental state in any way shape or form, simply dont bother",Not Recommended,3,0
